,Unnamed: 0,Aircraft,Flight Type,Origin,Destination,Departure Time,Arrival Time,Estimated Arrival Time,RealArrivalTime,EA_Time,RA_Time
0,0,VLG6210,A320,Leonardo da Vinci Int'l (Fiumicino Int'l) (FCO / LIRF),Malaga (AGP / LEMG),Fri 03:54PM CET,Fri 06:19PM CET,0 days 02:25:00,2h 37m,145.0,157.0
1,1,JBU2795,A320,Fort Lauderdale Intl (KFLL),Cancun Int'l (CUN / MMUN),Fri 10:54AM EDT,Fri 11:47AM EST,0 days 01:53:00,2h 17m,113.0,137.0
2,2,AVA8562,A320,Antonio Narino (PSO / SKPS),,,,,,,
3,3,ARE4015,A320,Jose Maria Cordova Int'l (MDE / SKRG),El Dorado Int'l (BOG / SKBO),Fri 09:54AM -05,Fri 10:27AM -05,0 days 00:33:00,0h 49m,33.0,49.0
4,4,UAL1383,A320,Houston Bush Int'ctl (KIAH),John Wayne (KSNA),Fri 09:54AM CDT,Fri 11:13AM PDT,0 days 03:19:00,3h 33m,199.0,213.0
5,5,CCA8233,A320,Wuhan Tianhe (WUH / ZHHH),,,,,,,
6,6,BEL3738,A320,Malaga (AGP / LEMG),Brussels (BRU / EBBR),Fri 03:54PM CET,Fri 06:22PM CET,0 days 02:28:00,3h 18m,148.0,198.0
7,7,CSZ9994,A320,Qingdao Jiaodong Int'l (TAO / ZSQD),Guangzhou Baiyun Int'l (CAN / ZGGG),Fri 10:53PM CST,Sat 02:04AM CST,0 days 03:02:00,2h 42m,182.0,162.0
8,8,EZY2151,A320,Manchester (MAN / EGCC),Istanbul Airport (IST / LTFM),Fri 02:53PM GMT,Fri 09:02PM +03,0 days 03:09:00,3h 2m,189.0,182.0
9,9,LDA9754,A320,Banja Luka Int'l (BNX / LQBK),Vienna Int'l (Schwechat) (VIE / LOWW),Fri 03:53PM CET,Fri 04:33PM CET,0 days 00:40:00,1h 18m,40.0,78.0
10,10,PGT1005,A320,Istanbul Sabiha Gokcen Int'l (SAW / LTFJ),Dusseldorf Int'l (DUS / EDDL),Fri 05:53PM +03,Fri 07:03PM CET,0 days 03:10:00,3h 48m,190.0,228.0
11,11,EJU4301,A320,Lyon (LYS / LFLL),La Rochelle (LRH / LFBH),Fri 03:53PM CET,Fri 04:42PM CET,0 days 00:49:00,1h 11m,49.0,71.0
12,12,IBE3279,A320,Budapest Ferenc Liszt International Airport (BUD / LHBP),Adolfo Suárez Madrid-Barajas (MAD / LEMD),Fri 03:53PM CET,Fri 07:03PM CET,0 days 03:10:00,3h 53m,190.0,233.0
13,13,CSZ9935,A320,Shenzhen Bao'an Int'l (SZX / ZGSZ),Changzhou Benniu (CZX / ZSCG),Fri 10:53PM CST,Sat 12:40AM CST,0 days 01:49:00,2h 32m,109.0,152.0
14,14,UAL2330,A320,Pensacola Intl (KPNS),Houston Bush Int'ctl (KIAH),Fri 09:53AM CDT,Fri 11:22AM CDT,0 days 01:30:00,1h 12m,90.0,72.0
15,15,AAY2466,A320,Albany Intl (KALB),Punta Gorda (KPGD),Fri 10:53AM EDT,Fri 01:40PM EDT,0 days 02:47:00,3h 37m,167.0,217.0
16,16,BAW890,A320,London Heathrow (LHR / EGLL),,,,,,,
17,17,AIQ3015,A320,Don Muang Int'l (Old Bangkok Int'l) (DMK / VTBD),Phuket Int'l (HKT / VTSP),Fri 09:53PM +07,Fri 10:58PM +07,0 days 01:05:00,0h 58m,65.0,58.0
18,18,KNE46,A320,King Abdulaziz Int'l (JED / OEJN),King Khalid Int'l (RUH / OERK),Fri 05:53PM +03,Fri 07:08PM +03,0 days 01:15:00,1h 41m,75.0,101.0
19,19,UAL224,A320,Chicago O'Hare Intl (KORD),Tucson Intl (KTUS),Fri 09:53AM CDT,Fri 11:39AM MST,0 days 03:50:00,3h 42m,230.0,222.0
20,20,VLG6367,A320,Santiago de Compostela (SCQ / LEST),San Pablo (SVQ / LEZL),Fri 03:53PM CET,Fri 04:57PM CET,0 days 01:04:00,0h 44m,64.0,44.0
21,21,DKH1754,A320,Dayong (DYG / ZGDY),Nanjing Lukou Int'l (NKG / ZSNJ),Fri 10:53PM CST,Sat 12:08AM CST,0 days 01:15:00,1h 25m,75.0,85.0
22,22,EZY8633,A320,London Gatwick (LGW / EGKK),Hamburg (HAM / EDDH),Fri 02:52PM GMT,Fri 04:49PM CET,0 days 00:57:00,0h 56m,57.0,56.0
23,23,AUA513,A320,Vienna Int'l (Schwechat) (VIE / LOWW),Malpensa Int'l (MXP / LIMC),Fri 03:52PM CET,Fri 04:57PM CET,0 days 01:05:00,0h 59m,65.0,59.0
24,24,EZS1031,A320,Basle-Mulhouse (EAP / LFSB),Valencia (VLC / LEVC),Fri 03:52PM CET,Fri 05:32PM CET,0 days 01:40:00,1h 56m,100.0,116.0
25,25,AWQ555,A320,Kuala Lumpur Int'l (KUL / WMKK),Ngurah Rai/Bali Intl (DPS / WADD),Fri 10:52PM +08,Sat 01:32AM WITA,0 days 02:40:00,2h 43m,160.0,163.0
26,26,EZY1557,A320,Geneva Cointrin Int'l (GVA / LSGG),,,,,,,
27,27,LDA8792,A320,Beauvais Tille (BVA / LFOB),Zagreb Pleso (ZAG / LDZA),Fri 03:52PM CET,Fri 05:32PM CET,0 days 01:40:00,1h 29m,100.0,89.0
28,28,KNE788,A320,King Khalid Int'l (RUH / OERK),Prince Mohammad Bin Abdulaziz (MED / OEMA),Fri 05:52PM +03,Fri 07:12PM +03,0 days 01:20:00,1h 57m,80.0,117.0
29,29,TGW581,A320,Visakhapatnam (VTZ / VOVZ),Singapore Changi (SIN / WSSS),Fri 08:22PM IST,Sat 02:35AM +08,0 days 03:55:00,4h 20m,235.0,260.0
30,30,ARE4178,A320,El Dorado Int'l (BOG / SKBO),Palonegro (BGA / SKBG),Fri 09:52AM -05,Fri 10:39AM -05,0 days 00:47:00,0h 38m,47.0,38.0
31,31,QTR1111,A320,Bahrain Int'l (BAH / OBBI),Hamad Int'l (DOH / OTHH),Fri 05:52PM +03,Fri 06:29PM +03,0 days 00:36:00,1h 24m,36.0,84.0
32,32,BAW1312,A320,London Heathrow (LHR / EGLL),Aberdeen (ABZ / EGPD),Fri 02:52PM GMT,Fri 03:45PM GMT,0 days 01:04:00,1h 24m,64.0,84.0
33,33,GAP2824,A320,Francisco Bangoy Int'l (DVO / RPMD),,,,,,,
34,34,CSZ9652,A320,Quanzhou Jinjiang (JJN / ZSQZ),Guangzhou Baiyun Int'l (CAN / ZGGG),Fri 10:52PM CST,Sat 12:05AM CST,0 days 01:14:00,1h 8m,74.0,68.0
35,35,EJU1683,A320,Nice Cote d'Azur (NCE / LFMN),Leonardo da Vinci Int'l (Fiumicino Int'l) (FCO / LIRF),Fri 03:52PM CET,Fri 04:32PM CET,0 days 00:40:00,0h 50m,40.0,50.0
36,36,LPE2380,A320,Jorge Chávez Int'l (LIM / SPJC),Jorge Newbery (AEP / SABE),Fri 09:52AM -05,Fri 03:52PM -03,0 days 04:00:00,4h 22m,240.0,262.0
37,37,BAW485,A320,Barcelona Int'l (BCN / LEBL),London Heathrow (LHR / EGLL),Fri 03:52PM CET,Fri 04:31PM GMT,0 days 01:37:00,1h 29m,97.0,89.0
38,38,VIV3255,A320,Carlos Rovirosa Perez Int'l (VSA / MMVA),Don Miguel Hidalgo y Costilla Int'l (GDL / MMGL),Fri 08:52AM CST,Fri 10:32AM CST,0 days 01:39:00,1h 39m,99.0,99.0
39,39,ROU1512,A320,Thunder Bay Int'l (Thunder Bay) (CYQT),Toronto Pearson Int'l (CYYZ),Fri 10:52AM EDT,Fri 12:09PM EDT,0 days 01:37:00,1h 38m,97.0,98.0
40,40,AIC404,A320,Rajkot (HSR / VAHS),Indira Gandhi Int'l (DEL / VIDP),Fri 08:22PM IST,Fri 09:35PM IST,0 days 01:20:00,1h 57m,80.0,117.0
41,41,VLG8479,A320,Porto / Oporto (OPO / LPPR),Barcelona Int'l (BCN / LEBL),Fri 02:51PM WET,Fri 05:12PM CET,0 days 01:25:00,2h 12m,85.0,132.0
42,42,IBE3149,A320,Václav Havel Airport (PRG / LKPR),Adolfo Suárez Madrid-Barajas (MAD / LEMD),Fri 03:51PM CET,Fri 06:45PM CET,0 days 02:50:00,3h 10m,170.0,190.0
43,43,AIC238,A320,Shahjalal International Airport (DAC / VGHS),Indira Gandhi Int'l (DEL / VIDP),Fri 08:51PM +06,Fri 10:50PM IST,0 days 02:25:00,2h 14m,145.0,134.0
44,44,AMC625,A320,Linate (LIN / LIML),,Fri 03:51PM CET,,,,,
45,45,DLH2100,A320,Munich Int'l (MUC / EDDM),Hanover/Langenhagen Int'l (HAJ / EDDV),Fri 03:51PM CET,Fri 04:35PM CET,0 days 00:45:00,1h 19m,45.0,79.0
46,46,TAM3783,A320,Guararapes Int'l (Gilberto Freyre Int'l) (REC / SBRF),Presidente Juscelino Kubitschek Int'l (BSB / SBBR),Fri 11:51AM -03,Fri 02:11PM -03,0 days 02:20:00,2h 21m,140.0,141.0
47,47,CSN6242,A320,Xining Caojiabu (XNN / ZLXN),Guangzhou Baiyun Int'l (CAN / ZGGG),Fri 10:51PM CST,Sat 01:35AM CST,0 days 02:44:00,3h 11m,164.0,191.0
48,48,ETD387,A320,Seeb Int'l (MCT / OOMS),Abu Dhabi Int'l (AUH / OMAA),Fri 06:51PM +04,Fri 07:21PM +04,0 days 00:50:00,0h 51m,50.0,51.0
49,49,AUA848,A320,Rinas Mother Teresa (TIA / LATI),Vienna Int'l (Schwechat) (VIE / LOWW),Fri 03:50PM CET,Fri 05:06PM CET,0 days 01:11:00,1h 28m,71.0,88.0
50,50,5AK5112,A320,El Dorado Int'l (BOG / SKBO),,Fri 09:50AM -05,,,,,
51,51,AIQ3013,A320,Don Muang Int'l (Old Bangkok Int'l) (DMK / VTBD),Phuket Int'l (HKT / VTSP),Fri 09:50PM +07,Fri 10:55PM +07,0 days 01:05:00,1h 25m,65.0,85.0
52,52,RYL411,A320,Near Wuzhou, Guangxi,,Fri 10:50PM CST,,,,
53,53,NKS2706,A320,Baltimore/Washington Intl (KBWI),Orlando Intl (KMCO),Fri 10:50AM EDT,Fri 12:54PM EDT,0 days 01:55:00,2h 34m,115.0,154.0
54,54,LAN420,A320,Jorge Newbery (AEP / SABE),,Fri 11:50AM -03,,,,,
55,55,TAM3043,A320,Tancredo Neves Int'l (CNF / SBCF),São Paulo-Congonhas (CGH / SBSP),Fri 11:50AM -03,Fri 12:51PM -03,0 days 01:01:00,0h 51m,61.0,51.0
56,56,WMT3551,A320,Timişoara Traian Vuia Int'l (TSR / LRTR),Orio al Serio Int'l (BGY / LIME),Fri 04:50PM EET,Fri 05:20PM CET,0 days 01:30:00,1h 55m,90.0,115.0
57,57,AIQ3206,A320,Chiang Rai Int'l (CEI / VTCT),Don Muang Int'l (Old Bangkok Int'l) (DMK / VTBD),Fri 09:50PM +07,Fri 10:45PM +07,0 days 00:55:00,1h 18m,55.0,78.0
58,58,VLG3513,A320,Ibiza (IBZ / LEIB),Barcelona Int'l (BCN / LEBL),Fri 03:50PM CET,Fri 04:10PM CET,0 days 00:36:00,0h 42m,36.0,42.0
59,59,PGT1865,A320,Ercan Int'l (ECN / LCEN),İzmir Adnan Menderes Int'l (ADB / LTBJ),Fri 04:50PM EET,Fri 06:50PM +03,0 days 01:00:00,1h 21m,60.0,81.0
60,60,JBU1861,A320,LaGuardia (KLGA),Southwest Florida Intl (KRSW),Fri 10:50AM EDT,Fri 01:18PM EDT,0 days 02:31:00,2h 48m,151.0,168.0
61,61,VTI575,A320,Bengaluru Int'l (BLR / VOBL),Sardar Vallabhbhai Patel Int'l (Ahmedabad) (AMD / VAAH),Fri 08:20PM IST,Fri 09:50PM IST,0 days 01:45:00,1h 39m,105.0,99.0
62,62,EZY8710,A320,Menara Int'l (RAK / GMMX),London Gatwick (LGW / EGKK),Fri 02:49PM +00,Fri 05:18PM GMT,0 days 02:29:00,3h 15m,149.0,195.0
63,63,AAY482,A320,The Eastern Iowa (KCID),Fort Lauderdale Intl (KFLL),Fri 09:49AM CDT,Fri 01:46PM EDT,0 days 02:35:00,2h 50m,155.0,170.0
64,64,JST671,A320,Darwin Int'l / RAAF (DRW / YPDN),Sydney (SYD / YSSY),Sat 12:19AM ACST,Sat 05:32AM AEDT,0 days 03:36:00,3h 57m,216.0,237.0
65,65,JAP7224,A320,Jorge Chávez Int'l (LIM / SPJC),,Fri 09:49AM -05,,,,,
66,66,TAM3009,A320,Presidente Juscelino Kubitschek Int'l (BSB / SBBR),São Paulo-Congonhas (CGH / SBSP),Fri 11:49AM -03,Fri 01:20PM -03,0 days 01:30:00,2h 11m,90.0,131.0
67,67,UAL246,A320,Seattle-Tacoma Intl (KSEA),San Francisco Int'l (KSFO),Fri 07:49AM PDT,Fri 09:51AM PDT,0 days 02:02:00,2h 15m,122.0,135.0
68,68,ITY1792,A320,Palermo Int'l (Punta Raisi Falcone-Borsellino) (PMO / LICJ),Leonardo da Vinci Int'l (Fiumicino Int'l) (FCO / LIRF),Fri 03:49PM CET,Fri 04:55PM CET,0 days 01:00:00,0h 58m,60.0,58.0
69,69,CTV250,A320,Jakarta-Soekarno-Hatta Int'l (CGK / WIII),Sultan Hasanuddin Int'l (UPG / WAAA),Fri 09:49PM WIB,Sat 12:54AM WITA,0 days 02:05:00,2h 2m,125.0,122.0
70,70,OTC7120,A320,Changsha Huanghua Int'l (CSX / ZGHA),Kunming Changshui Int'l (KMG / ZPPP),Fri 10:49PM CST,Sat 12:38AM CST,0 days 01:51:00,2h 16m,111.0,136.0
71,71,IBE3271,A320,Hamburg (HAM / EDDH),Adolfo Suárez Madrid-Barajas (MAD / LEMD),Fri 03:49PM CET,Fri 07:05PM CET,0 days 03:05:00,3h 6m,185.0,186.0
72,72,CES9923,A320,Xi'an Xianyang Int'l (XIY / ZLXY),Penglai International (YNT / ZSYT),Fri 10:49PM CST,Sat 12:29AM CST,0 days 01:46:00,1h 41m,106.0,101.0
73,73,CSC6715,A320,Chengdu Tianfu Int'l (TFU / ZUTF),Guangzhou Baiyun Int'l (CAN / ZGGG),Fri 10:49PM CST,Sat 12:46AM CST,0 days 01:53:00,2h 25m,113.0,145.0
74,74,UEA2214,A320,Shenzhen Bao'an Int'l (SZX / ZGSZ),Xingyi Wanfenglin Airport (ACX / ZUYI),Fri 10:49PM CST,Sat 12:32AM CST,0 days 01:43:00,1h 48m,103.0,108.0
75,75,UAL342,A320,Reagan National (KDCA),Chicago O'Hare Intl (KORD),Fri 10:48AM EDT,Fri 11:47AM CDT,0 days 01:59:00,1h 49m,119.0,109.0
76,76,AAY3206,A320,Phoenix-Mesa Gateway (KIWA),Appleton Intl (KATW),Fri 07:48AM MST,Fri 12:49PM CDT,0 days 02:42:00,3h 17m,162.0,197.0
77,77,TAM3719,A320,Ministro Victor Konder Int'l (NVT / SBNF),São Paulo-Congonhas (CGH / SBSP),Fri 11:48AM -03,Fri 12:35PM -03,0 days 00:45:00,1h 24m,45.0,84.0
78,78,Airborne Airbus A320 (twin-jet) (A320) Aircraft,,,,,,,,,
79,79,AFR1822,A320,Charles de Gaulle/Roissy (CDG / LFPG),Munich Int'l (MUC / EDDM),Fri 03:48PM CET,Fri 05:08PM CET,0 days 01:20:00,1h 11m,80.0,71.0
80,80,AVA9764,A320,El Dorado Int'l (BOG / SKBO),Simon Bolivar (SMR / SKSM),Fri 09:48AM -05,Fri 10:47AM -05,0 days 00:47:00,1h 36m,47.0,96.0
81,81,TAM8020,A320,Governor Francisco Gabrielli Int'l (El Plumerillo Int'l) (MDZ / SAME),São Paulo-Guarulhos Int'l (GRU / SBGR),Fri 11:48AM -03,Fri 02:40PM -03,0 days 02:54:00,3h 28m,174.0,208.0
82,82,EZY1232,A320,Edinburgh (EDI / EGPH),Basle-Mulhouse (EAP / LFSB),Fri 02:48PM GMT,Fri 05:41PM CET,0 days 01:53:00,1h 49m,113.0,109.0
83,83,AFL1233,A320,Ufa Int'l (UFA / UWUU),Sheremetyevo Int'l (SVO / UUEE),Fri 07:48PM +05,Fri 07:55PM MSK,0 days 02:05:00,1h 54m,125.0,114.0
84,84,PGT1018,A320,Cologne Bonn (CGN / EDDK),Istanbul Sabiha Gokcen Int'l (SAW / LTFJ),Fri 03:48PM CET,Fri 08:35PM +03,0 days 02:50:00,2h 54m,170.0,174.0
85,85,VTI766,A320,Netaji Subhash Chandra Bose Int'l (CCU / VECC),Bengaluru Int'l (BLR / VOBL),Fri 08:18PM IST,Fri 10:22PM IST,0 days 02:15:00,2h 18m,135.0,138.0
86,86,DAL1729,A320,Orlando Intl (KMCO),Raleigh-Durham Intl (KRDU),Fri 10:48AM EDT,Fri 12:04PM EDT,0 days 01:18:00,1h 5m,78.0,65.0
87,87,PGT2794,A320,Istanbul Sabiha Gokcen Int'l (SAW / LTFJ),Samsun (SZF / LTFH),Fri 05:48PM +03,Fri 06:45PM +03,0 days 01:10:00,1h 31m,70.0,91.0
88,88,DLH274,A320,Frankfurt Int'l (FRA / EDDF),Linate (LIN / LIML),Fri 03:48PM CET,Fri 04:45PM CET,0 days 00:55:00,1h 44m,55.0,104.0
89,89,PGT1262,A320,Rotterdam (RTM / EHRD),Istanbul Sabiha Gokcen Int'l (SAW / LTFJ),Fri 03:48PM CET,Fri 08:53PM +03,0 days 03:05:00,3h 15m,185.0,195.0
90,90,CSN6226,A320,Qingdao Jiaodong Int'l (TAO / ZSQD),Daqing Sartu (DQA / ZYDQ),Fri 10:48PM CST,Sat 12:42AM CST,0 days 01:50:00,2h 12m,110.0,132.0
91,91,SAS767,A320,Copenhagen (CPH / EKCH),,,,,,,
92,92,PGT980,A320,Berlin-Brandenburg (BER / EDDB),Istanbul Sabiha Gokcen Int'l (SAW / LTFJ),Fri 03:48PM CET,Fri 08:10PM +03,0 days 02:30:00,3h 0m,150.0,180.0
93,93,CES6798,A320,Chengdu Tianfu Int'l (TFU / ZUTF),Beijing Daxing International Airport (PKX / ZBAD),Fri 10:48PM CST,Sat 12:39AM CST,0 days 02:06:00,2h 25m,126.0,145.0
94,94,CSN6207,A320,Harbin Taiping Int'l (HRB / ZYHB),Beijing Daxing International Airport (PKX / ZBAD),Fri 10:48PM CST,Sat 12:37AM CST,0 days 01:49:00,1h 46m,109.0,106.0
95,95,QDA9876,A320,Dalian Zhoushuizi Int'l (DLC / ZYTL),Qingdao Jiaodong Int'l (TAO / ZSQD),Fri 10:48PM CST,Fri 11:35PM CST,0 days 00:41:00,1h 24m,41.0,84.0
96,96,SNG6614,A320,Taiyuan Wusu (TYN / ZBYN),Harbin Taiping Int'l (HRB / ZYHB),Fri 10:48PM CST,Sat 01:06AM CST,0 days 02:14:00,3h 1m,134.0,181.0
97,97,CJL206,A320,Toronto Pearson Int'l (CYYZ),,,,,,,
98,98,CQH6521,A320,Shenzhen Bao'an Int'l (SZX / ZGSZ),Wuxi (WUX / ZSWX),Fri 10:47PM CST,Sat 12:38AM CST,0 days 01:53:00,2h 20m,113.0,140.0
99,99,SAA357,A320,OR Tambo Int'l (JNB / FAOR),Cape Town Int'l (CPT / FACT),Fri 04:47PM SAST,Fri 06:35PM SAST,0 days 01:45:00,2h 4m,105.0,124.0
100,100,AIQ3426,A320,Chiang Mai Int'l (CNX / VTCC),Don Muang Int'l (Old Bangkok Int'l) (DMK / VTBD),Fri 09:47PM +07,Fri 10:45PM +07,0 days 01:05:00,1h 5m,65.0,65.0
101,101,UAL1567,A320,Lic. Benito Juarez Int'l (MEX / MMMX),Washington Dulles Intl (KIAD),Fri 08:47AM CST,Fri 02:41PM EDT,0 days 03:54:00,3h 43m,234.0,223.0
102,102,AAL2327,A320,Dallas-Fort Worth Intl (KDFW),Eglin AFB/Destin-Ft Walton Beach (KVPS),Fri 09:47AM CDT,Fri 11:11AM CDT,0 days 01:30:00,1h 16m,90.0,76.0
103,103,APG288,A320,Don Muang Int'l (Old Bangkok Int'l) (DMK / VTBD),Manila Int'l (MNL / RPLL),Fri 09:47PM +07,Sat 01:56AM PST,0 days 03:00:00,2h 54m,180.0,174.0
104,104,TAR722,A320,Tunis-Carthage Int'l (TUN / DTTA),,,,,,,
105,105,VTI590,A320,Manohar International Airport (GOX / VOGA),Rajiv Gandhi Int'l (HYD / VOHS),Fri 08:17PM IST,Fri 09:00PM IST,0 days 00:55:00,1h 22m,55.0,82.0
106,106,GBB124,A320,Cape Town Int'l (CPT / FACT),OR Tambo Int'l (JNB / FAOR),Fri 04:47PM SAST,Fri 05:50PM SAST,0 days 01:13:00,0h 56m,73.0,56.0
107,107,AFL1214,A320,Sheremetyevo Int'l (SVO / UUEE),Kurumoch (KUF / UWWW),Fri 05:47PM MSK,Fri 08:17PM +04,0 days 01:30:00,2h 3m,90.0,123.0
108,108,EZY5108,A320,Barcelona Int'l (BCN / LEBL),Berlin-Brandenburg (BER / EDDB),Fri 03:47PM CET,Fri 05:49PM CET,0 days 02:11:00,2h 57m,131.0,177.0
109,109,CBJ5158,A320,Kunming Changshui Int'l (KMG / ZPPP),Hangzhou Xiaoshan Int'l (HGH / ZSHC),Fri 10:47PM CST,Sat 01:03AM CST,0 days 02:16:00,2h 24m,136.0,144.0
110,110,AAY354,A320,Orlando Sanford Intl (KSFB),,,,,,,
111,111,JBU173,A320,Fort Lauderdale Intl (KFLL),Punta Cana Int'l (PUJ / MDPC),Fri 10:47AM EDT,Fri 12:33PM AST,0 days 02:13:00,2h 6m,133.0,126.0
112,112,UAL764,A320,Chicago O'Hare Intl (KORD),Calgary Int'l (CYYC),Fri 09:47AM CDT,Fri 12:04PM MDT,0 days 03:30:00,3h 33m,210.0,213.0
113,113,CES6581,A320,Shanghai Pudong Int'l (PVG / ZSPD),Hefei Xinqiao Airport (HFE / ZSOF),Fri 10:47PM CST,Fri 11:49PM CST,0 days 01:01:00,1h 20m,61.0,80.0
114,114,CSN8071,A320,Guangzhou Baiyun Int'l (CAN / ZGGG),Kuala Lumpur Int'l (KUL / WMKK),Fri 10:47PM CST,Sat 02:30AM +08,0 days 03:39:00,4h 26m,219.0,266.0
115,115,EWG9801,A320,Orio al Serio Int'l (BGY / LIME),,Fri 03:46PM CET,,,,,
116,116,EIN168,A320,Dublin Int'l (DUB / EIDW),London Heathrow (LHR / EGLL),Fri 02:46PM GMT,Fri 03:27PM GMT,0 days 00:47:00,0h 27m,47.0,27.0
117,117,VLG8715,A320,Vienna Int'l (Schwechat) (VIE / LOWW),Barcelona Int'l (BCN / LEBL),Fri 03:46PM CET,Fri 05:55PM CET,0 days 02:05:00,2h 46m,125.0,166.0
118,118,JBU2357,A320,Newark Liberty Intl (KEWR),Sangster Int'l (MBJ / MKJS),Fri 10:46AM EDT,Fri 01:05PM EST,0 days 03:48:00,4h 25m,228.0,265.0
119,119,Airborne Airbus A320 (twin-jet) (A320) Aircraft,,,,,,,,,
120,120,CES6798,A320,Chengdu Tianfu Int'l (TFU / ZUTF),Beijing Daxing International Airport (PKX / ZBAD),Fri 10:48PM CST,Sat 12:39AM CST,0 days 02:06:00,2h 22m,126.0,142.0
121,121,CJL206,A320,Toronto Pearson Int'l (CYYZ),Orlando Intl (KMCO),Fri 10:48AM EDT,Fri 01:33PM EDT,0 days 02:22:00,2h 11m,142.0,131.0
122,122,CSN6207,A320,Harbin Taiping Int'l (HRB / ZYHB),Beijing Daxing International Airport (PKX / ZBAD),Fri 10:48PM CST,Sat 12:37AM CST,0 days 01:49:00,1h 50m,109.0,110.0
123,123,SNG6614,A320,Taiyuan Wusu (TYN / ZBYN),Harbin Taiping Int'l (HRB / ZYHB),Fri 10:48PM CST,Sat 01:06AM CST,0 days 02:14:00,2h 24m,134.0,144.0
124,124,QDA9876,A320,Dalian Zhoushuizi Int'l (DLC / ZYTL),Qingdao Jiaodong Int'l (TAO / ZSQD),Fri 10:48PM CST,Fri 11:35PM CST,0 days 00:41:00,1h 9m,41.0,69.0
125,125,CQH6521,A320,Shenzhen Bao'an Int'l (SZX / ZGSZ),Wuxi (WUX / ZSWX),Fri 10:47PM CST,Sat 12:38AM CST,0 days 01:53:00,2h 5m,113.0,125.0
126,126,AIQ3426,A320,Chiang Mai Int'l (CNX / VTCC),Don Muang Int'l (Old Bangkok Int'l) (DMK / VTBD),Fri 09:47PM +07,Fri 10:45PM +07,0 days 01:05:00,1h 45m,65.0,105.0
127,127,SAA357,A320,OR Tambo Int'l (JNB / FAOR),Cape Town Int'l (CPT / FACT),Fri 04:47PM SAST,Fri 06:35PM SAST,0 days 01:45:00,1h 41m,105.0,101.0
128,128,UAL1567,A320,Lic. Benito Juarez Int'l (MEX / MMMX),Washington Dulles Intl (KIAD),Fri 08:47AM CST,Fri 02:41PM EDT,0 days 03:54:00,4h 6m,234.0,246.0
129,129,AAL2327,A320,Dallas-Fort Worth Intl (KDFW),Eglin AFB/Destin-Ft Walton Beach (KVPS),Fri 09:47AM CDT,Fri 11:11AM CDT,0 days 01:30:00,1h 49m,90.0,109.0
130,130,APG288,A320,Don Muang Int'l (Old Bangkok Int'l) (DMK / VTBD),Manila Int'l (MNL / RPLL),Fri 09:47PM +07,Sat 01:56AM PST,0 days 03:00:00,2h 53m,180.0,173.0
131,131,TAR722,A320,Tunis-Carthage Int'l (TUN / DTTA),Paris Orly (ORY / LFPO),Fri 03:47PM CET,Fri 05:52PM CET,0 days 02:05:00,2h 29m,125.0,149.0
132,132,VTI590,A320,Manohar International Airport (GOX / VOGA),,,,,,,
133,133,GBB124,A320,Cape Town Int'l (CPT / FACT),OR Tambo Int'l (JNB / FAOR),Fri 04:47PM SAST,Fri 05:50PM SAST,0 days 01:13:00,1h 3m,73.0,63.0
134,134,AFL1214,A320,Sheremetyevo Int'l (SVO / UUEE),Kurumoch (KUF / UWWW),Fri 05:47PM MSK,Fri 08:17PM +04,0 days 01:30:00,1h 35m,90.0,95.0
135,135,EZY5108,A320,Barcelona Int'l (BCN / LEBL),Berlin-Brandenburg (BER / EDDB),Fri 03:47PM CET,Fri 05:49PM CET,0 days 02:11:00,2h 56m,131.0,176.0
136,136,CBJ5158,A320,Kunming Changshui Int'l (KMG / ZPPP),Hangzhou Xiaoshan Int'l (HGH / ZSHC),Fri 10:47PM CST,Sat 01:03AM CST,0 days 02:16:00,2h 5m,136.0,125.0
137,137,AAY354,A320,Orlando Sanford Intl (KSFB),Nashville Intl (KBNA),Fri 10:47AM EDT,Fri 11:14AM CDT,0 days 01:26:00,1h 44m,86.0,104.0
138,138,JBU173,A320,Fort Lauderdale Intl (KFLL),Punta Cana Int'l (PUJ / MDPC),Fri 10:47AM EDT,Fri 12:33PM AST,0 days 02:13:00,1h 55m,133.0,115.0
139,139,UAL764,A320,Chicago O'Hare Intl (KORD),Calgary Int'l (CYYC),Fri 09:47AM CDT,Fri 12:04PM MDT,0 days 03:30:00,3h 20m,210.0,200.0
140,140,CES6581,A320,Shanghai Pudong Int'l (PVG / ZSPD),Hefei Xinqiao Airport (HFE / ZSOF),Fri 10:47PM CST,Fri 11:49PM CST,0 days 01:01:00,0h 48m,61.0,48.0
141,141,CSN8071,A320,Guangzhou Baiyun Int'l (CAN / ZGGG),Kuala Lumpur Int'l (KUL / WMKK),Fri 10:47PM CST,Sat 02:30AM +08,0 days 03:39:00,3h 41m,219.0,221.0
142,142,EWG9801,A320,Orio al Serio Int'l (BGY / LIME),,Fri 03:46PM CET,,,,,
143,143,EIN168,A320,Dublin Int'l (DUB / EIDW),London Heathrow (LHR / EGLL),Fri 02:46PM GMT,Fri 03:27PM GMT,0 days 00:47:00,1h 5m,47.0,65.0
144,144,VLG8715,A320,Vienna Int'l (Schwechat) (VIE / LOWW),Barcelona Int'l (BCN / LEBL),Fri 03:46PM CET,Fri 05:55PM CET,0 days 02:05:00,1h 49m,125.0,109.0
145,145,JBU2357,A320,Newark Liberty Intl (KEWR),Sangster Int'l (MBJ / MKJS),Fri 10:46AM EDT,Fri 01:05PM EST,0 days 03:48:00,4h 24m,228.0,264.0
146,146,VIV3045,A320,General Heriberto Jara Int'l (VER / MMVR),,,,,,,
147,147,VTI809,A320,Indira Gandhi Int'l (DEL / VIDP),Bengaluru Int'l (BLR / VOBL),Fri 08:16PM IST,Fri 10:36PM IST,0 days 02:25:00,2h 7m,145.0,127.0
148,148,THA121,A320,Chiang Mai Int'l (CNX / VTCC),Suvarnabhumi Bangkok Int'l (BKK / VTBS),Fri 09:46PM +07,Fri 10:46PM +07,0 days 01:00:00,1h 22m,60.0,82.0
149,149,VLG3220,A320,Barcelona Int'l (BCN / LEBL),Tenerife South (Reina Sofia) (TFS / GCTS),Fri 03:46PM CET,Fri 06:15PM WET,0 days 03:15:00,4h 0m,195.0,240.0
150,150,CSZ8760,A320,Yibin (YBP / ZUYB),Quanzhou Jinjiang (JJN / ZSQZ),Fri 10:46PM CST,Sat 12:39AM CST,0 days 02:06:00,2h 36m,126.0,156.0
151,151,CSC8738,A320,Guangzhou Baiyun Int'l (CAN / ZGGG),Chengdu Shuangliu Int'l (CTU / ZUUU),Fri 10:46PM CST,Sat 12:52AM CST,0 days 02:05:00,2h 40m,125.0,160.0
152,152,SJV745,A320,Ngurah Rai/Bali Intl (DPS / WADD),,,,,,,
153,153,EIN507,A320,Bordeaux-Merignac (BOD / LFBD),Dublin Int'l (DUB / EIDW),Fri 03:45PM CET,Fri 04:10PM GMT,0 days 01:40:00,1h 46m,100.0,106.0
154,154,TAP1015,A320,Adolfo Suárez Madrid-Barajas (MAD / LEMD),General Humberto Delgado Airport (LIS / LPPT),Fri 03:45PM CET,Fri 03:24PM WET,0 days 01:03:00,0h 55m,63.0,55.0
155,155,VOE2038,A320,Lyon (LYS / LFLL),Václav Havel Airport (PRG / LKPR),Fri 03:45PM CET,Fri 05:00PM CET,0 days 01:20:00,1h 51m,80.0,111.0
156,156,VOE1134,A320,Olbia-Costa Smeralda (OLB / LIEO),,,,,,,
157,157,ARE4061,A320,El Dorado Int'l (BOG / SKBO),Alfonso Bonilla Aragon Int'l (CLO / SKCL),Fri 09:45AM -05,Fri 10:32AM -05,0 days 00:47:00,0h 37m,47.0,37.0
158,158,AXM720,A320,Singapore Changi (SIN / WSSS),Kuala Lumpur Int'l (KUL / WMKK),Fri 10:45PM +08,Fri 11:25PM +08,0 days 00:50:00,1h 3m,50.0,63.0
159,159,DKH1076,A320,Qingdao Jiaodong Int'l (TAO / ZSQD),Shanghai Pudong Int'l (PVG / ZSPD),Fri 10:45PM CST,Fri 11:53PM CST,0 days 01:10:00,1h 49m,70.0,109.0
